{"hiddenWeights": [[0.07951924529025096, 0.3055897768236343, 0.36282101935099087], [0.2575955326312507, 0.3361170756523908, 0.2885543841682702], [0.4670939149678326, 0.4117509651905009, 0.06159386628570085], [0.530676228359485, 0.02302089060656203, 0.33835637107188066], [0.495523390632436, 0.2280412650730957, 0.5453619945747576], [0.5419229223408143, 0.2500760507811852, 0.5368445488935467], [0.2540530197261408, 0.3489218164964927, 0.23903835604737866]], "outputWeights": [0.18729936694300436, 0.09151423825636668, 0.1978397993802919]}