{"danceability":0.6570127935979473,"energy":0.856863790418849,"speechiness":0.73244318781472,"acousticness":0.7224814706400089,"instrumentalness":0.20321920116069125,"liveness":0.4086150994555622,"valence":0.7813646293279735}